<?xml version="1.0"?>
<Runs Version="1" Minor="0">
	<Run Id="design_1_rst_clk_wiz_0_108M_0_synth_1" LaunchDir="C:/projetDubois/VGA_source_bd/VGA_source_bd.runs/design_1_rst_clk_wiz_0_108M_0_synth_1" FlowId="Vivado_Synthesis" FromStepId="vivado" ToStepId="vivado"/>
	<Run Id="design_1_c_counter_binary_0_0_synth_1" LaunchDir="C:/projetDubois/VGA_source_bd/VGA_source_bd.runs/design_1_c_counter_binary_0_0_synth_1" FlowId="Vivado_Synthesis" FromStepId="vivado" ToStepId="vivado"/>
	<Run Id="design_1_clk_wiz_0_0_synth_1" LaunchDir="C:/projetDubois/VGA_source_bd/VGA_source_bd.runs/design_1_clk_wiz_0_0_synth_1" FlowId="Vivado_Synthesis" FromStepId="vivado" ToStepId="vivado"/>
	<Run Id="design_1_v_tc_0_0_synth_1" LaunchDir="C:/projetDubois/VGA_source_bd/VGA_source_bd.runs/design_1_v_tc_0_0_synth_1" FlowId="Vivado_Synthesis" FromStepId="vivado" ToStepId="vivado"/>
	<Run Id="synth_1" LaunchDir="C:/projetDubois/VGA_source_bd/VGA_source_bd.runs/synth_1" FlowId="Vivado_Synthesis" FromStepId="vivado" ToStepId="vivado">
		<Parent Id="design_1_rst_clk_wiz_0_108M_0_synth_1"/>
		<Parent Id="design_1_c_counter_binary_0_0_synth_1"/>
		<Parent Id="design_1_clk_wiz_0_0_synth_1"/>
		<Parent Id="design_1_v_tc_0_0_synth_1"/>
	</Run>
	<Parameters>
		<Parameter Name="runs.monitorLSFJobs" Val="true" Type="bool"/>
		<Parameter Name="runs.enableClusterConf" Val="true" Type="bool"/>
	</Parameters>
</Runs>

