<?xml version="1.0"?>
<Runs Version="1" Minor="0">
	<Run Id="design_1_system_ila_0_0_synth_1" LaunchDir="C:/projetDubois/VGA_source_bd/VGA_source_bd.runs/design_1_system_ila_0_0_synth_1" FlowId="Vivado_Synthesis" FromStepId="vivado" ToStepId="vivado"/>
	<Run Id="design_1_v_axi4s_vid_out_0_0_synth_1" LaunchDir="C:/projetDubois/VGA_source_bd/VGA_source_bd.runs/design_1_v_axi4s_vid_out_0_0_synth_1" FlowId="Vivado_Synthesis" FromStepId="vivado" ToStepId="vivado"/>
	<Run Id="design_1_v_tc_1_0_synth_1" LaunchDir="C:/projetDubois/VGA_source_bd/VGA_source_bd.runs/design_1_v_tc_1_0_synth_1" FlowId="Vivado_Synthesis" FromStepId="vivado" ToStepId="vivado"/>
	<Run Id="design_1_v_vid_in_axi4s_0_0_synth_1" LaunchDir="C:/projetDubois/VGA_source_bd/VGA_source_bd.runs/design_1_v_vid_in_axi4s_0_0_synth_1" FlowId="Vivado_Synthesis" FromStepId="vivado" ToStepId="vivado"/>
	<Run Id="design_1_proc_sys_reset_0_0_synth_1" LaunchDir="C:/projetDubois/VGA_source_bd/VGA_source_bd.runs/design_1_proc_sys_reset_0_0_synth_1" FlowId="Vivado_Synthesis" FromStepId="vivado" ToStepId="vivado"/>
	<Run Id="design_1_grey_level_switch_0_0_synth_1" LaunchDir="C:/projetDubois/VGA_source_bd/VGA_source_bd.runs/design_1_grey_level_switch_0_0_synth_1" FlowId="Vivado_Synthesis" FromStepId="vivado" ToStepId="vivado"/>
	<Run Id="synth_1" LaunchDir="C:/projetDubois/VGA_source_bd/VGA_source_bd.runs/synth_1" FlowId="Vivado_Synthesis" FromStepId="vivado" ToStepId="vivado">
		<Parent Id="design_1_system_ila_0_0_synth_1"/>
		<Parent Id="design_1_v_axi4s_vid_out_0_0_synth_1"/>
		<Parent Id="design_1_v_tc_1_0_synth_1"/>
		<Parent Id="design_1_v_vid_in_axi4s_0_0_synth_1"/>
		<Parent Id="design_1_proc_sys_reset_0_0_synth_1"/>
		<Parent Id="design_1_grey_level_switch_0_0_synth_1"/>
	</Run>
	<Run Id="impl_1" LaunchDir="C:/projetDubois/VGA_source_bd/VGA_source_bd.runs/impl_1" FlowId="Vivado_Implementation" FromStepId="init_design" ToStepId="write_bitstream">
		<Parent Id="synth_1"/>
		<Parent Id="design_1_system_ila_0_0_synth_1"/>
		<Parent Id="design_1_v_axi4s_vid_out_0_0_synth_1"/>
		<Parent Id="design_1_v_tc_1_0_synth_1"/>
		<Parent Id="design_1_v_vid_in_axi4s_0_0_synth_1"/>
		<Parent Id="design_1_proc_sys_reset_0_0_synth_1"/>
		<Parent Id="design_1_grey_level_switch_0_0_synth_1"/>
	</Run>
	<Parameters>
		<Parameter Name="runs.monitorLSFJobs" Val="true" Type="bool"/>
		<Parameter Name="runs.enableClusterConf" Val="true" Type="bool"/>
	</Parameters>
</Runs>

