<?xml version="1.0" encoding="UTF-8"?>
<GenRun Id="synth_1" LaunchPart="xc7z020clg484-1" LaunchTime="1763563960">
  <File Type="PA-TCL" Name="design_1_wrapper.tcl"/>
  <File Type="RDS-PROPCONSTRS" Name="design_1_wrapper_drc_synth.rpt"/>
  <File Type="REPORTS-TCL" Name="design_1_wrapper_reports.tcl"/>
  <File Type="RDS-RDS" Name="design_1_wrapper.vds"/>
  <File Type="RDS-UTIL" Name="design_1_wrapper_utilization_synth.rpt"/>
  <File Type="RDS-UTIL-PB" Name="design_1_wrapper_utilization_synth.pb"/>
  <File Type="RDS-DCP" Name="design_1_wrapper.dcp"/>
  <File Type="VDS-TIMINGSUMMARY" Name="design_1_wrapper_timing_summary_synth.rpt"/>
  <File Type="VDS-TIMING-PB" Name="design_1_wrapper_timing_summary_synth.pb"/>
  <FileSet Name="sources" Type="DesignSrcs" RelSrcDir="$PSRCDIR/sources_1">
    <Filter Type="Srcs"/>
    <File Path="$PSRCDIR/sources_1/new/extract_bit.vhd">
      <FileInfo>
        <Attr Name="UsedIn" Val="synthesis"/>
        <Attr Name="UsedIn" Val="simulation"/>
      </FileInfo>
    </File>
    <File Path="$PSRCDIR/sources_1/new/grey_level_switch.vhd">
      <FileInfo>
        <Attr Name="UsedIn" Val="synthesis"/>
        <Attr Name="UsedIn" Val="simulation"/>
      </FileInfo>
    </File>
    <File Path="$PSRCDIR/sources_1/bd/design_1/design_1.bd">
      <FileInfo>
        <Attr Name="UsedIn" Val="synthesis"/>
        <Attr Name="UsedIn" Val="implementation"/>
        <Attr Name="UsedIn" Val="simulation"/>
      </FileInfo>
    </File>
    <File Path="$PSRCDIR/sources_1/bd/design_1/hdl/design_1_wrapper.vhd">
      <FileInfo>
        <Attr Name="UsedIn" Val="synthesis"/>
        <Attr Name="UsedIn" Val="simulation"/>
      </FileInfo>
    </File>
    <Config>
      <Option Name="DesignMode" Val="RTL"/>
      <Option Name="TopModule" Val="design_1_wrapper"/>
    </Config>
  </FileSet>
  <FileSet Name="constrs_in" Type="Constrs" RelSrcDir="$PSRCDIR/constrs_1">
    <Filter Type="Constrs"/>
    <File Path="$PPRDIR/../../Users/aa261104/Downloads/Base_line_top.xdc">
      <FileInfo>
        <Attr Name="UsedIn" Val="synthesis"/>
        <Attr Name="UsedIn" Val="implementation"/>
      </FileInfo>
    </File>
    <Config>
      <Option Name="ConstrsType" Val="XDC"/>
    </Config>
  </FileSet>
  <FileSet Name="utils" Type="Utils" RelSrcDir="$PSRCDIR/utils_1">
    <Filter Type="Utils"/>
    <Config>
      <Option Name="TopAutoSet" Val="TRUE"/>
    </Config>
  </FileSet>
  <Strategy Version="1" Minor="2">
    <StratHandle Name="Vivado Synthesis Defaults" Flow="Vivado Synthesis 2020"/>
    <Step Id="synth_design"/>
  </Strategy>
  <BlockFileSet Type="BlockSrcs" Name="design_1_rst_clk_wiz_0_108M_0"/>
  <BlockFileSet Type="BlockSrcs" Name="design_1_v_tc_0_0"/>
  <BlockFileSet Type="BlockSrcs" Name="design_1_c_counter_binary_0_0"/>
  <BlockFileSet Type="BlockSrcs" Name="design_1_clk_wiz_0_0"/>
  <BlockFileSet Type="BlockSrcs" Name="design_1_v_tc_1_0"/>
  <BlockFileSet Type="BlockSrcs" Name="design_1_grey_level_switch_0_0"/>
  <BlockFileSet Type="BlockSrcs" Name="design_1_extract_bit_0_0"/>
  <BlockFileSet Type="BlockSrcs" Name="design_1_system_ila_0_0"/>
  <BlockFileSet Type="BlockSrcs" Name="design_1_v_vid_in_axi4s_0_0"/>
  <BlockFileSet Type="BlockSrcs" Name="design_1_v_axi4s_vid_out_0_0"/>
  <BlockFileSet Type="BlockSrcs" Name="design_1_proc_sys_reset_0_0"/>
</GenRun>
